id;nom;prenom;adresse;telephone;email
1;vaste séculaire;envers;bientôt à même;0370335893;"+PQ@&`U\M.c+m_s"
2;mince a population du Québec;jamais que chef;pendant déposer aux alentours de;0758508844;"7@V{(.T"
3;de par au cas où;oh;ouch foule certainement;+33 260102827;"In4gBa@#'.6'["
4;euh au cas où;tellement malade;tsoin-tsoin espiègle tchou tchouu;+33 720402899;";C@jz]<=?./85Y"
5;délégation extra chut;maigre;corner;+33 698716293;"5@Pl$,>.`A"
6;vivace après subito;combattre;parce que vorace au-dessous de;+33 739077493;"hG@'[{.)"
7;sombre pour;personnel;à défaut de adepte complètement;0711937655;"3)l,@V.]"
8;même si main-d’œuvre meuh;de peur que psitt;arrière;+33 294312371;"M[3@Y.DKPC-"
9;ensemble boum;bien que terne;ouin personnel professionnel à même;+33 664222470;"r@6.PJr'.q$;GEK"
10;membre titulaire;prier antagoniste à moins de;responsable;0321916808;"!@K.TwQ;"
11;copier oh;membre de l’équipe vraiment minuscule;âcre;+33 475361167;"+a?(ur@G.4}2/"
12;pin-pon bon commis de cuisine;membre à vie zzzz;planter guetter personnel;+33 550036692;"3@0)o}J.cx"
13;déjà au cas où rédaction;percevoir terriblement;de peur que absolument miaou;0716813943;"I99@lK,Sp.chr3"
14;personnel;insolite davantage;sauf atchoum;+33 454262149;"Kh:@jzH.]|."
15;exploiter partenaire ah;briser;cocorico dépenser quasi;+33 652166233;"`s}ci@hLF<]/.=vKbr#"
16;sauvage;extatique vu que gai;vers par rapport à gestionnaire;+33 672877660;"`@yJxf4<.[,(7,"
17;secouriste;peu;afin que candide;0687412283;"+@w~!.gibh"
18;membre de l’équipe;à la merci lors de à peu près;au point que;+33 346167177;"~hMjSS@*R.l,2l4/"
19;membre à vie renverser au-dessus de;coupable;mentir;+33 569724907;"nA@+>.R6"
20;cyan;indiquer;téméraire;+33 184367486;"OHozbs@;)5.}(["
21;en guise de candide électorat;valoir patientèle;triste immense;+33 596426506;"'d?Wm@fD\g,%.9G~"
22;au point que;camarade;lectorat bzzz cadre;0360836856;"y?D</x@vQJw#..6"
23;aux alentours de euh;afin que;gratis;0599680695;"T@gWH.*B"
24;équipe de recherche triathlète;avant au dépens de;derrière vlan;+33 661643978;"mHB'@PV.+-DF"
25;aboutir aujourd'hui;ouin conseil d’administration lectorat;d’autant que;0596824334;"BN;\Yg@FvQ(.z"
26;imiter pourrir;pin-pon;forcer mal;0224253283;"V2uX\2@v.Gl>'"
27;ouch feindre;tout à fait;croâ tellement placide;0797533360;"#uM@:|h}.E%a56"
28;du fait que passablement pschitt;juriste nonobstant sage;autour de sans doute en dépit de;0281102042;"=kEA@7h;z.#*U$~"
29;personnel professionnel zzzz cependant;quoique impromptu;trop peu;0703007020;"/@lZa>+U.fR"
30;patientèle;communauté étudiante;au point que quand recta;0707612148;"v6Z@(~l;-.A5`p;/"
