id;nom;prenom;specialite;email;telephone;clinique_id
1;mélancolique;pacifique;cuicui jadis appuyer;".@OW.3E";0650798507;1
2;crac;main-d’œuvre équiper communauté étudiante;qualifier avoir;"9@vz.%is";0378216859;2
3;contraindre;passablement sauf à glouglou;hé cot cot conseil d’administration;"fGP~L'@),TU9.*(b~P";0704244247;3
4;bientôt pourvu que;si à peu près défendre;équiper là;"5jfe@%UO.T$:T";0499190374;4
5;collègue;smack ha calme;plonger chut par suite de;"%fO@Ri-,.n";+33 578077854;5
6;à cause de si bien que;plouf bien que briller;fort clientèle;"L@P.sQw+,S";+33 601751754;6
7;impromptu moderne soudain;à seule fin de énorme étant donné que;miaou;"S3\a@biw0W.IkW";+33 730313521;7
8;quitte à;monter au cas où;laisser à l'instar de bien que;"B,3P6!@O=rr.Jui";+33 494867093;8
9;raccrocher toc mêler;population du Québec;de crainte que devant touriste;"!k84#T@//.)?dM6_";+33 607009364;9
10;au cas où concernant tôt;spécialiste vraisemblablement;diététiste;"8v]S,=@Cic|.=(g1mQ";+33 794610952;10
11;courir éveiller de peur que;lorsque population du Québec atteindre;responsable;"/@?.O/J[l";0566492323;11
12;groin groin disperser comme;bientôt si bien que;bzzz passablement;"Im@r:..";0221795084;12
13;patientèle pour que féliciter;tellement multiple quelquefois;ailleurs chef de cuisine recevoir;"?T@|\Q=:Y.h";+33 244130581;13
14;cocorico;au point que exécuter électorat;main-d’œuvre;"*?n@K~<Twv.4^gO)6";+33 172043391;14
15;adversaire provoquer confronter;psitt;rôder concurrence;"P@0v.0n";0104080212;15
16;chef de cuisine;rassembler environ;diététiste;"s[@g.J&V";+33 361615175;16
17;partenaire groin groin;installer;affable parfois calme;"*@9n(wh.eh'~";0636823199;17
18;de par clac;intrépide;du moment que chef;"]m32F@jX?|.(H/";0515753047;18
19;du fait que composer;lorsque hôte embrasser;sage cadre toc-toc;"{Jn6@v}WH.r.4TREB";+33 569603581;19
20;si bien que quoique;gens si bien que ha;tic-tac dessiner via;"eZ?@k1^.4Z.|";0161053136;20
21;si rôder;dès que;blablabla pourvu que;"X9@bl!Dy.05mf9";+33 785833380;21
22;circuler atchoum;délectable;bien que;"k@lH.U";+33 465193126;22
23;broum dès que;vivace alors que à peu près;partenaire craindre;"60OOW@29B.I";0701797754;23
24;caresser du fait que grrr;à travers jeune contredire;au cas où fouiller sortir;"icvs@nU.h7iY/A";+33 612689970;24
25;environ sombre;grâce à;au moyen de;"f-H`@;FdKx=.=!G_";+33 540344431;25
26;que à la merci membre du personnel;snif bè ci;après que;"[@6#y.l#";0243987105;26
27;ci trop;apparaître;trop peu préoccuper vaste;".^:@3H.Q(Hi:c";0125207513;27
28;conseil d’administration;à la faveur de;de façon à ce que;"7|k(Jf@3Z.[FF";+33 547361037;28
29;du moment que méconnaître psitt;foule de;drelin spécialiste;"'N@)fHo.H\)";0787457920;29
30;loufoque si bien que;loufoque dring;secouriste;"ZkCA@N.ZH";+33 256495646;30
